{"predict":{"0":339.0295619965,"1":4662.8399596214,"2":2407.6425859928,"3":4385.0261167288,"4":3454.4519256353,"5":4641.0797780752,"6":405.6152486801,"7":34.6495952606,"8":5192.1452721357,"9":3613.8876810074,"10":4021.5824143887,"11":5253.4982147217,"12":4219.7800388336,"13":486.9015922546,"14":35.1288700104}}