{"predict":{"0":230.6570091248,"1":3581.1603147984,"2":1833.1132427454,"3":3263.860776186,"4":2512.875190258,"5":3814.5055502653,"6":299.351041317,"7":25.3129634857,"8":4027.3901747465,"9":2749.2843154371,"10":3333.1880898476,"11":4363.3026016057,"12":3440.9671568871,"13":481.6370341778,"14":16.5435695648}}