{"predict":{"0":436.3679494858,"1":8504.2157721519,"2":4424.4771432877,"3":7625.5242547989,"4":5647.1511579752,"5":8531.8393970728,"6":703.6298103333,"7":53.7733249664,"8":8372.9009215832,"9":5208.8657666445,"10":6586.4435358047,"11":9715.4804282188,"12":5387.3106784821,"13":1105.2845439911,"14":35.5975627899}}